product_id,product_name,category,price,discounted_price,sold_quantity,rating,purchase_date,region,material_cost,revenue
1,Raspberry Pi 4,Electronics,-1,,15,3.7,2025-01-18 12:03:12.613996,Busan,-0.4,
2,AI Learning Kit,Electronics,352,257.39,2,3.6,2024-07-27 12:03:12.613996,Daegu,140.8,514.78
3,STEM Learning Pack,Electronics,337,276.5,42,4.6,2023-10-09 12:03:12.613996,Ulsan,134.8,11613.0
4,IoT Kit,Programming,192,110.64,1,4.6,2025-02-09 12:03:12.613996,Incheon,76.80000000000001,110.64
5,3D Printer Kit,Educational Kits,192,160.86,49,4.0,2024-03-21 12:03:12.613996,Busan,76.80000000000001,7882.14
6,Raspberry Pi 4,Educational Kits,483,368.25,17,4.7,2024-08-28 12:03:12.613996,Jeju,193.20000000000002,6260.25
7,Raspberry Pi 4,Robotics,90,61.13,41,4.4,2024-10-09 12:03:12.613996,Daejeon,36.0,2506.33
8,Scratch Coding Kit,Electronics,73,46.39,50,3.9,2023-10-22 12:03:12.613996,Busan,29.200000000000003,2319.5
9,Raspberry Pi 4,Robotics,192,137.98,24,3.7,2023-09-28 12:03:12.613996,Daejeon,76.80000000000001,3311.5199999999995
10,Python Programming Book,Electronics,361,233.21,35,4.6,2024-06-13 12:03:12.613996,Incheon,144.4,8162.35
11,3D Printer Kit,Educational Kits,-1,235.53,15,4.5,2023-10-18 12:03:12.613996,Seoul,-0.4,3532.95
12,Arduino Starter Kit,Educational Kits,255,202.19,14,4.9,2024-01-14 12:03:12.613996,Gangwon,102.0,2830.66
13,Scratch Coding Kit,Robotics,252,137.62,42,4.2,2023-07-18 12:03:12.613996,Gwangju,100.80000000000001,5780.04
14,Scratch Coding Kit,Programming,325,258.34,38,4.1,2024-04-09 12:03:12.613996,Gangwon,130.0,9816.919999999998
15,Robotics Kit,Books,120,83.54,6,4.6,2023-08-01 12:03:12.613996,Busan,48.0,501.24
16,Micro:bit Educational Kit,Robotics,355,310.48,25,4.4,2024-08-20 12:03:12.613996,Jeju,142.0,7762.0
17,Python Programming Book,Programming,490,256.28,44,4.6,2023-11-26 12:03:12.613996,Gyeonggi,196.0,11276.32
18,Robotics Kit,Electronics,200,145.22,30,3.5,2024-07-22 12:03:12.613996,Gwangju,80.0,4356.6
19,Micro:bit Educational Kit,Programming,104,57.39,20,4.8,2024-11-10 12:03:12.613996,Gyeonggi,41.6,1147.8
20,Scratch Coding Kit,Books,241,143.39,35,4.9,2023-02-26 12:03:12.613996,Gyeonggi,96.4,5018.65
21,STEM Learning Pack,Educational Kits,-1,,24,4.8,2023-10-29 12:03:12.613996,Gwangju,-0.4,
22,Arduino Starter Kit,Books,499,335.86,6,3.6,2023-05-07 12:03:12.613996,Jeju,199.60000000000002,2015.16
23,AI Learning Kit,Books,115,73.15,36,3.7,2024-11-08 12:03:12.613996,Gyeonggi,46.0,2633.4
24,3D Printer Kit,Books,326,194.91,45,3.8,2024-04-09 12:03:12.613996,Gwangju,130.4,8770.95
25,Robotics Kit,Robotics,314,225.89,16,3.8,2023-03-19 12:03:12.613996,Daejeon,125.60000000000001,3614.24
26,STEM Learning Pack,Programming,167,110.99,1,3.6,2023-10-18 12:03:12.613996,Seoul,66.8,110.99
27,Raspberry Pi 4,Electronics,490,376.24,33,3.9,2023-10-03 12:03:12.613996,Jeju,196.0,12415.92
28,AI Learning Kit,Books,420,220.83,37,4.4,2024-06-24 12:03:12.613996,Daegu,168.0,8170.71
29,3D Printer Kit,Books,98,84.4,28,4.0,2024-06-18 12:03:12.613996,Ulsan,39.2,2363.2000000000003
30,Arduino Starter Kit,Electronics,81,59.86,22,4.7,2023-11-07 12:03:12.613996,Busan,32.4,1316.92
31,Scratch Coding Kit,Books,-1,233.46,28,3.8,2023-11-08 12:03:12.613996,Jeju,-0.4,6536.88
32,Raspberry Pi 4,Robotics,463,257.18,36,3.6,2023-03-13 12:03:12.613996,Gyeonggi,185.20000000000002,9258.48
33,Raspberry Pi 4,Books,135,99.55,31,3.8,2023-04-27 12:03:12.613996,Ulsan,54.0,3086.0499999999997
34,Micro:bit Educational Kit,Robotics,51,25.8,17,4.9,2023-12-15 12:03:12.613996,Jeju,20.400000000000002,438.6
35,3D Printer Kit,Programming,388,237.7,10,3.8,2023-04-26 12:03:12.613996,Daegu,155.20000000000002,2377.0
36,STEM Learning Pack,Programming,81,48.67,4,3.6,2024-07-24 12:03:12.613996,Jeju,32.4,194.68
37,AI Learning Kit,Books,79,40.74,6,4.8,2024-10-27 12:03:12.613996,Busan,31.6,244.44
38,Raspberry Pi 4,Books,256,218.12,37,3.9,2023-04-07 12:03:12.613996,Gangwon,102.4,8070.4400000000005
39,STEM Learning Pack,Electronics,264,168.18,37,4.3,2023-09-23 12:03:12.613996,Gwangju,105.60000000000001,6222.66
40,Robotics Kit,Books,185,137.21,43,4.5,2024-01-15 12:03:12.613996,Jeju,74.0,5900.030000000001
41,Raspberry Pi 4,Electronics,-1,,37,5.0,2024-08-29 12:03:12.613996,Busan,-0.4,
42,Scratch Coding Kit,Programming,185,156.7,23,4.8,2024-03-10 12:03:12.613996,Daegu,74.0,3604.1
43,Python Programming Book,Books,274,155.22,46,4.0,2023-03-06 12:03:12.613996,Gyeonggi,109.60000000000001,7140.12
44,AI Learning Kit,Educational Kits,389,333.98,9,3.9,2024-09-14 12:03:12.613996,Busan,155.60000000000002,3005.82
45,Micro:bit Educational Kit,Educational Kits,194,127.67,46,4.0,2024-07-27 12:03:12.613996,Gwangju,77.60000000000001,5872.82
46,IoT Kit,Educational Kits,483,424.89,41,4.1,2023-04-12 12:03:12.613996,Gwangju,193.20000000000002,17420.489999999998
47,Arduino Starter Kit,Educational Kits,444,376.37,17,3.7,2024-09-12 12:03:12.613996,Jeju,177.60000000000002,6398.29
48,3D Printer Kit,Programming,54,46.18,45,4.9,2023-04-03 12:03:12.613996,Gyeonggi,21.6,2078.1
49,Robotics Kit,Programming,332,279.13,9,3.6,2023-04-07 12:03:12.613996,Daejeon,132.8,2512.17
50,Robotics Kit,Books,399,319.28,7,4.0,2024-04-17 12:03:12.613996,Gyeonggi,159.60000000000002,2234.96
51,STEM Learning Pack,Books,-1,94.76,12,4.8,2023-08-28 12:03:12.613996,Seoul,-0.4,1137.1200000000001
52,Robotics Kit,Robotics,460,290.74,48,4.7,2023-08-08 12:03:12.613996,Gwangju,184.0,13955.52
53,Raspberry Pi 4,Robotics,496,438.72,31,3.8,2024-02-19 12:03:12.613996,Jeju,198.4,13600.320000000002
54,Python Programming Book,Books,164,146.05,13,4.1,2023-05-08 12:03:12.613996,Gwangju,65.60000000000001,1898.65
55,Python Programming Book,Educational Kits,378,263.18,44,5.0,2024-01-31 12:03:12.613996,Gyeonggi,151.20000000000002,11579.92
56,Arduino Starter Kit,Electronics,499,255.41,12,4.4,2023-04-06 12:03:12.613996,Gwangju,199.60000000000002,3064.92
57,Raspberry Pi 4,Programming,272,207.19,21,4.2,2023-06-24 12:03:12.613996,Gyeonggi,108.80000000000001,4350.99
58,3D Printer Kit,Programming,147,117.32,46,4.2,2024-08-30 12:03:12.613996,Gyeonggi,58.800000000000004,5396.719999999999
59,Scratch Coding Kit,Educational Kits,270,235.44,43,4.9,2024-01-13 12:03:12.613996,Gangwon,108.0,10123.92
60,Raspberry Pi 4,Educational Kits,309,239.87,27,4.0,2024-09-15 12:03:12.613996,Gwangju,123.60000000000001,6476.49
61,Micro:bit Educational Kit,Books,-1,,25,4.5,2024-11-17 12:03:12.613996,Incheon,-0.4,
62,STEM Learning Pack,Educational Kits,257,174.97,1,4.0,2024-05-11 12:03:12.613996,Daegu,102.80000000000001,174.97
63,STEM Learning Pack,Programming,385,296.87,29,4.2,2024-08-02 12:03:12.613996,Daegu,154.0,8609.23
64,IoT Kit,Books,387,335.17,33,4.5,2024-02-04 12:03:12.613996,Gangwon,154.8,11060.61
65,Raspberry Pi 4,Books,394,305.68,13,3.7,2023-11-03 12:03:12.613996,Seoul,157.60000000000002,3973.84
66,IoT Kit,Programming,485,287.41,30,4.1,2023-09-13 12:03:12.613996,Gangwon,194.0,8622.300000000001
67,3D Printer Kit,Robotics,254,203.81,42,4.5,2024-05-06 12:03:12.613996,Busan,101.60000000000001,8560.02
68,Scratch Coding Kit,Books,461,238.25,34,4.2,2023-11-08 12:03:12.613996,Gyeonggi,184.4,8100.5
69,Raspberry Pi 4,Robotics,118,68.37,43,4.3,2024-10-27 12:03:12.613996,Gyeonggi,47.2,2939.9100000000003
70,Robotics Kit,Robotics,363,208.36,33,4.1,2024-05-27 12:03:12.613996,Gyeonggi,145.20000000000002,6875.88
71,Micro:bit Educational Kit,Robotics,-1,222.97,16,4.8,2024-08-12 12:03:12.613996,Gwangju,-0.4,3567.52
72,IoT Kit,Books,190,137.57,46,3.9,2024-02-04 12:03:12.613996,Gwangju,76.0,6328.219999999999
73,Robotics Kit,Programming,91,76.86,15,4.1,2025-02-18 12:03:12.613996,Incheon,36.4,1152.9
74,Scratch Coding Kit,Electronics,262,193.08,35,4.2,2023-09-25 12:03:12.613996,Seoul,104.80000000000001,6757.8
75,3D Printer Kit,Robotics,444,295.87,45,3.5,2024-03-21 12:03:12.613996,Gangwon,177.60000000000002,13314.15
76,IoT Kit,Electronics,230,179.53,25,4.8,2024-08-30 12:03:12.613996,Ulsan,92.0,4488.25
77,AI Learning Kit,Programming,162,114.16,18,4.2,2024-03-30 12:03:12.613996,Seoul,64.8,2054.88
78,Robotics Kit,Robotics,420,350.27,30,4.9,2024-08-25 12:03:12.613996,Gangwon,168.0,10508.099999999999
79,Arduino Starter Kit,Robotics,353,238.01,2,3.6,2023-07-14 12:03:12.613996,Ulsan,141.20000000000002,476.02
80,IoT Kit,Books,75,59.7,21,3.8,2024-02-06 12:03:12.613996,Daejeon,30.0,1253.7
81,3D Printer Kit,Educational Kits,-1,,27,3.9,2024-06-21 12:03:12.613996,Busan,-0.4,
82,Arduino Starter Kit,Programming,76,38.0,23,3.8,2024-12-24 12:03:12.613996,Busan,30.400000000000002,874.0
83,Arduino Starter Kit,Electronics,176,144.37,2,4.4,2023-07-05 12:03:12.613996,Daegu,70.4,288.74
84,IoT Kit,Electronics,338,176.06,30,4.5,2023-08-16 12:03:12.613996,Daejeon,135.20000000000002,5281.8
85,STEM Learning Pack,Programming,432,264.67,50,4.7,2023-06-16 12:03:12.613996,Gwangju,172.8,13233.5
86,STEM Learning Pack,Electronics,209,139.96,25,4.1,2023-05-14 12:03:12.613996,Daegu,83.60000000000001,3499.0
87,STEM Learning Pack,Books,102,63.35,20,4.8,2023-06-29 12:03:12.613996,Gangwon,40.800000000000004,1267.0
88,STEM Learning Pack,Electronics,227,155.93,43,4.1,2024-12-20 12:03:12.613996,Gyeonggi,90.80000000000001,6704.990000000001
89,Robotics Kit,Electronics,484,354.28,32,3.7,2024-12-07 12:03:12.613996,Daejeon,193.60000000000002,11336.96
90,IoT Kit,Books,272,225.64,34,4.9,2024-11-17 12:03:12.613996,Gwangju,108.80000000000001,7671.759999999999
91,AI Learning Kit,Robotics,-1,209.02,47,4.4,2023-11-04 12:03:12.613996,Daejeon,-0.4,9823.94
92,Raspberry Pi 4,Educational Kits,280,224.69,30,4.4,2024-02-05 12:03:12.613996,Ulsan,112.0,6740.7
93,Arduino Starter Kit,Robotics,485,373.45,32,3.8,2024-02-09 12:03:12.613996,Gwangju,194.0,11950.4
94,Python Programming Book,Programming,409,224.11,36,3.5,2023-05-24 12:03:12.613996,Daegu,163.60000000000002,8067.960000000001
95,Scratch Coding Kit,Robotics,300,203.38,16,4.5,2024-05-29 12:03:12.613996,Jeju,120.0,3254.08
96,Arduino Starter Kit,Electronics,200,162.27,45,3.9,2024-03-09 12:03:12.613996,Gangwon,80.0,7302.150000000001
97,IoT Kit,Programming,321,244.76,48,4.3,2025-02-14 12:03:12.613996,Daejeon,128.4,11748.48
98,IoT Kit,Educational Kits,206,164.68,8,4.6,2023-06-28 12:03:12.613996,Daejeon,82.4,1317.44
99,AI Learning Kit,Books,148,120.39,31,3.9,2024-08-16 12:03:12.613996,Gangwon,59.2,3732.09
100,STEM Learning Pack,Educational Kits,101,57.26,19,3.8,2024-01-01 12:03:12.613996,Incheon,40.400000000000006,1087.94
101,Arduino Starter Kit,Programming,-1,,4,4.3,2024-12-10 12:03:12.613996,Incheon,-0.4,
102,IoT Kit,Electronics,496,443.97,19,4.2,2024-02-09 12:03:12.613996,Jeju,198.4,8435.43
103,Micro:bit Educational Kit,Electronics,179,93.72,31,3.7,2024-04-11 12:03:12.613996,Busan,71.60000000000001,2905.32
104,IoT Kit,Electronics,345,223.64,4,3.7,2024-01-03 12:03:12.613996,Gangwon,138.0,894.56
105,Raspberry Pi 4,Books,110,74.44,27,4.4,2023-10-15 12:03:12.613996,Gangwon,44.0,2009.8799999999999
106,AI Learning Kit,Robotics,280,150.25,20,4.8,2024-01-04 12:03:12.613996,Ulsan,112.0,3005.0
107,STEM Learning Pack,Programming,80,52.49,48,3.6,2024-11-27 12:03:12.613996,Daegu,32.0,2519.52
108,Scratch Coding Kit,Educational Kits,388,336.6,16,3.8,2023-08-05 12:03:12.613996,Busan,155.20000000000002,5385.6
109,Arduino Starter Kit,Robotics,280,174.79,31,3.9,2023-12-18 12:03:12.613996,Daegu,112.0,5418.49
110,Python Programming Book,Robotics,86,53.75,17,4.7,2025-01-03 12:03:12.613996,Gangwon,34.4,913.75
111,Scratch Coding Kit,Robotics,-1,73.67,42,3.7,2023-07-21 12:03:12.613996,Gwangju,-0.4,3094.14
112,Raspberry Pi 4,Electronics,134,78.12,39,4.6,2023-12-18 12:03:12.613996,Gangwon,53.6,3046.6800000000003
113,IoT Kit,Electronics,289,180.49,45,4.1,2024-07-22 12:03:12.613996,Gwangju,115.60000000000001,8122.05
114,AI Learning Kit,Robotics,274,237.78,3,4.8,2024-11-05 12:03:12.613996,Daejeon,109.60000000000001,713.34
115,Python Programming Book,Electronics,96,77.61,44,4.8,2024-10-19 12:03:12.613996,Gangwon,38.400000000000006,3414.84
116,Arduino Starter Kit,Educational Kits,345,304.95,49,3.8,2024-12-24 12:03:12.613996,Gyeonggi,138.0,14942.55
117,IoT Kit,Educational Kits,142,71.17,28,4.5,2023-05-30 12:03:12.613996,Jeju,56.800000000000004,1992.76
118,IoT Kit,Educational Kits,259,198.57,43,3.7,2024-01-29 12:03:12.613996,Incheon,103.60000000000001,8538.51
119,3D Printer Kit,Robotics,197,125.09,26,4.7,2023-04-04 12:03:12.613996,Gyeonggi,78.80000000000001,3252.34
120,IoT Kit,Electronics,211,168.6,8,5.0,2024-08-05 12:03:12.613996,Ulsan,84.4,1348.8
121,Arduino Starter Kit,Programming,-1,,13,4.3,2024-07-20 12:03:12.613996,Gangwon,-0.4,
122,IoT Kit,Electronics,154,122.15,9,4.9,2025-02-10 12:03:12.613996,Jeju,61.6,1099.3500000000001
123,IoT Kit,Electronics,64,32.69,39,4.7,2024-01-10 12:03:12.613996,Incheon,25.6,1274.9099999999999
124,AI Learning Kit,Electronics,332,244.62,15,5.0,2024-06-12 12:03:12.613996,Busan,132.8,3669.3
125,Raspberry Pi 4,Books,305,160.72,19,4.3,2024-04-26 12:03:12.613996,Gwangju,122.0,3053.68
126,IoT Kit,Robotics,174,124.81,10,4.1,2024-07-30 12:03:12.613996,Gangwon,69.60000000000001,1248.1
127,Micro:bit Educational Kit,Electronics,191,112.87,27,4.0,2023-11-26 12:03:12.613996,Gyeonggi,76.4,3047.4900000000002
128,Arduino Starter Kit,Educational Kits,421,328.62,38,4.4,2023-07-28 12:03:12.613996,Jeju,168.4,12487.56
129,IoT Kit,Programming,297,226.3,36,4.6,2024-06-06 12:03:12.613996,Ulsan,118.80000000000001,8146.8
130,Robotics Kit,Books,407,327.42,25,3.9,2023-04-11 12:03:12.613996,Ulsan,162.8,8185.5
131,Robotics Kit,Robotics,-1,219.73,25,4.1,2024-07-17 12:03:12.613996,Incheon,-0.4,5493.25
132,Arduino Starter Kit,Books,307,157.75,22,4.8,2023-06-08 12:03:12.613996,Jeju,122.80000000000001,3470.5
133,AI Learning Kit,Robotics,57,34.83,27,4.8,2023-05-13 12:03:12.613996,Incheon,22.8,940.41
134,IoT Kit,Educational Kits,223,145.11,26,4.5,2025-01-16 12:03:12.613996,Daejeon,89.2,3772.8600000000006
135,AI Learning Kit,Robotics,212,137.65,49,4.2,2023-04-03 12:03:12.613996,Gyeonggi,84.80000000000001,6744.85
136,STEM Learning Pack,Electronics,170,110.08,19,5.0,2024-05-15 12:03:12.613996,Busan,68.0,2091.52
137,Raspberry Pi 4,Electronics,277,230.87,20,4.9,2024-01-24 12:03:12.613996,Seoul,110.80000000000001,4617.4
138,Arduino Starter Kit,Educational Kits,233,174.76,10,3.9,2024-09-27 12:03:12.613996,Ulsan,93.2,1747.6
139,Micro:bit Educational Kit,Books,139,120.71,25,4.4,2024-07-19 12:03:12.613996,Daegu,55.6,3017.75
140,STEM Learning Pack,Books,168,120.21,17,4.2,2024-06-16 12:03:12.613996,Seoul,67.2,2043.57
141,Python Programming Book,Programming,-1,,23,5.0,2024-12-11 12:03:12.613996,Gwangju,-0.4,
142,3D Printer Kit,Educational Kits,283,159.01,13,5.0,2023-06-15 12:03:12.613996,Jeju,113.2,2067.13
143,Scratch Coding Kit,Robotics,342,258.69,19,5.0,2023-03-20 12:03:12.613996,Gwangju,136.8,4915.11
144,3D Printer Kit,Educational Kits,54,36.38,44,4.7,2024-11-07 12:03:12.613996,Seoul,21.6,1600.72
145,IoT Kit,Educational Kits,447,259.46,39,4.7,2024-12-08 12:03:12.613996,Daegu,178.8,10118.939999999999
146,Scratch Coding Kit,Programming,178,111.94,47,4.7,2024-11-30 12:03:12.613996,Incheon,71.2,5261.18
147,Raspberry Pi 4,Electronics,208,121.59,3,4.4,2023-05-29 12:03:12.613996,Incheon,83.2,364.77
148,Python Programming Book,Educational Kits,432,317.0,13,3.7,2024-03-06 12:03:12.613996,Gyeonggi,172.8,4121.0
149,AI Learning Kit,Programming,189,107.32,17,4.9,2023-12-25 12:03:12.613996,Jeju,75.60000000000001,1824.4399999999998
150,Robotics Kit,Electronics,289,148.79,10,4.6,2025-01-18 12:03:12.613996,Daegu,115.60000000000001,1487.8999999999999
151,3D Printer Kit,Programming,-1,204.74,26,3.5,2023-07-02 12:03:12.613996,Gyeonggi,-0.4,5323.24
152,IoT Kit,Educational Kits,394,236.56,17,4.4,2023-06-16 12:03:12.613996,Daejeon,157.60000000000002,4021.52
153,Scratch Coding Kit,Robotics,62,40.44,36,4.0,2023-10-10 12:03:12.613996,Gangwon,24.8,1455.84
154,Raspberry Pi 4,Robotics,408,317.88,27,3.7,2023-04-05 12:03:12.613996,Seoul,163.20000000000002,8582.76
155,Python Programming Book,Robotics,109,93.86,35,3.7,2024-03-11 12:03:12.613996,Jeju,43.6,3285.1
156,AI Learning Kit,Robotics,350,211.08,10,4.8,2024-07-11 12:03:12.613996,Busan,140.0,2110.8
157,STEM Learning Pack,Robotics,193,171.17,24,3.8,2023-10-25 12:03:12.613996,Jeju,77.2,4108.08
158,Robotics Kit,Electronics,401,301.98,42,4.0,2023-12-05 12:03:12.613996,Ulsan,160.4,12683.16
159,Scratch Coding Kit,Electronics,484,276.04,6,4.5,2023-03-19 12:03:12.613996,Gangwon,193.60000000000002,1656.2400000000002
160,Arduino Starter Kit,Educational Kits,174,87.78,37,3.8,2023-09-26 12:03:12.613996,Gyeonggi,69.60000000000001,3247.86
161,STEM Learning Pack,Books,-1,,22,4.7,2023-02-28 12:03:12.613996,Gangwon,-0.4,
162,Python Programming Book,Books,116,79.33,12,3.7,2023-07-10 12:03:12.613996,Seoul,46.400000000000006,951.96
163,Arduino Starter Kit,Educational Kits,454,265.42,38,4.0,2023-11-24 12:03:12.613996,Incheon,181.60000000000002,10085.960000000001
164,Arduino Starter Kit,Books,429,313.86,8,4.6,2024-05-30 12:03:12.613996,Jeju,171.60000000000002,2510.88
165,Robotics Kit,Programming,353,302.3,33,3.8,2023-04-11 12:03:12.613996,Gangwon,141.20000000000002,9975.9
166,AI Learning Kit,Educational Kits,284,182.52,2,3.6,2024-04-12 12:03:12.613996,Jeju,113.60000000000001,365.04
167,3D Printer Kit,Electronics,301,185.13,29,3.6,2024-01-21 12:03:12.613996,Busan,120.4,5368.7699999999995
168,STEM Learning Pack,Books,83,70.51,40,4.4,2025-02-24 12:03:12.613996,Gyeonggi,33.2,2820.4
169,Robotics Kit,Robotics,355,244.16,30,4.3,2023-06-07 12:03:12.613996,Ulsan,142.0,7324.8
170,Raspberry Pi 4,Programming,419,232.04,28,4.2,2024-04-24 12:03:12.613996,Daegu,167.60000000000002,6497.12
171,Robotics Kit,Robotics,-1,186.34,7,4.0,2025-01-07 12:03:12.613996,Daejeon,-0.4,1304.38
172,Python Programming Book,Educational Kits,128,80.03,31,3.6,2023-06-01 12:03:12.613996,Busan,51.2,2480.93
173,3D Printer Kit,Electronics,431,260.53,9,4.3,2024-09-23 12:03:12.613996,Gangwon,172.4,2344.7699999999995
174,AI Learning Kit,Educational Kits,393,334.49,23,4.8,2023-04-19 12:03:12.613996,Ulsan,157.20000000000002,7693.27
175,Python Programming Book,Programming,209,158.7,37,4.3,2024-12-29 12:03:12.613996,Incheon,83.60000000000001,5871.9
176,IoT Kit,Books,483,413.79,36,4.1,2024-10-05 12:03:12.613996,Gwangju,193.20000000000002,14896.44
177,Scratch Coding Kit,Robotics,482,325.65,50,4.7,2025-01-17 12:03:12.613996,Gangwon,192.8,16282.499999999998
178,AI Learning Kit,Electronics,361,190.74,45,3.9,2023-12-02 12:03:12.613996,Incheon,144.4,8583.300000000001
179,Python Programming Book,Educational Kits,229,205.54,10,4.3,2023-05-08 12:03:12.613996,Ulsan,91.60000000000001,2055.4
180,Micro:bit Educational Kit,Electronics,96,57.75,14,4.1,2024-02-10 12:03:12.613996,Jeju,38.400000000000006,808.5
181,Micro:bit Educational Kit,Educational Kits,-1,,50,4.9,2023-05-23 12:03:12.613996,Gangwon,-0.4,
182,Arduino Starter Kit,Books,130,77.77,4,4.5,2024-05-24 12:03:12.613996,Gwangju,52.0,311.08
183,3D Printer Kit,Robotics,360,260.35,18,3.8,2023-06-22 12:03:12.613996,Gyeonggi,144.0,4686.3
184,Robotics Kit,Robotics,106,83.39,44,4.4,2025-01-09 12:03:12.613996,Gyeonggi,42.400000000000006,3669.16
185,Python Programming Book,Electronics,162,120.19,39,3.6,2023-12-31 12:03:12.613996,Daegu,64.8,4687.41
186,Scratch Coding Kit,Books,441,351.83,21,3.7,2024-05-11 12:03:12.613996,Jeju,176.4,7388.429999999999
187,Micro:bit Educational Kit,Books,244,167.62,15,4.3,2023-05-10 12:03:12.613996,Daejeon,97.60000000000001,2514.3
188,3D Printer Kit,Electronics,273,243.65,5,4.8,2024-05-10 12:03:12.613996,Gangwon,109.2,1218.25
189,STEM Learning Pack,Robotics,413,265.95,19,3.7,2024-01-24 12:03:12.613996,Seoul,165.20000000000002,5053.05
190,Micro:bit Educational Kit,Programming,285,161.65,24,3.6,2023-11-02 12:03:12.613996,Busan,114.0,3879.6000000000004
191,3D Printer Kit,Programming,-1,176.06,26,4.8,2023-10-10 12:03:12.613996,Daejeon,-0.4,4577.56
192,Robotics Kit,Books,89,61.93,8,4.3,2024-02-18 12:03:12.613996,Daegu,35.6,495.44
193,Robotics Kit,Books,170,146.01,17,3.8,2023-08-01 12:03:12.613996,Gangwon,68.0,2482.17
194,Raspberry Pi 4,Books,445,288.73,30,4.6,2024-05-30 12:03:12.613996,Gangwon,178.0,8661.900000000001
195,STEM Learning Pack,Programming,215,119.17,41,4.0,2023-05-06 12:03:12.613996,Jeju,86.0,4885.97
196,IoT Kit,Robotics,373,290.52,18,4.4,2024-07-29 12:03:12.613996,Daejeon,149.20000000000002,5229.36
197,Raspberry Pi 4,Educational Kits,286,205.7,4,4.1,2023-05-15 12:03:12.613996,Gwangju,114.4,822.8
198,Raspberry Pi 4,Programming,354,246.8,30,4.4,2024-05-31 12:03:12.613996,Seoul,141.6,7404.0
199,STEM Learning Pack,Books,214,140.81,33,3.7,2024-06-01 12:03:12.613996,Seoul,85.60000000000001,4646.7300000000005
200,Raspberry Pi 4,Educational Kits,415,359.5,42,3.8,2025-02-19 12:03:12.613996,Daegu,166.0,15099.0
201,IoT Kit,Robotics,-1,,11,4.0,2024-03-28 12:03:12.613996,Gwangju,-0.4,
202,3D Printer Kit,Educational Kits,397,262.36,41,4.5,2024-01-29 12:03:12.613996,Busan,158.8,10756.76
203,Raspberry Pi 4,Programming,397,295.91,17,4.6,2023-07-29 12:03:12.613996,Gangwon,158.8,5030.47
204,Robotics Kit,Electronics,348,220.83,23,4.0,2023-07-08 12:03:12.613996,Ulsan,139.20000000000002,5079.09
205,STEM Learning Pack,Electronics,208,140.7,42,4.7,2025-01-12 12:03:12.613996,Incheon,83.2,5909.4
206,AI Learning Kit,Electronics,380,240.09,33,4.0,2024-01-08 12:03:12.613996,Daejeon,152.0,7922.97
207,Micro:bit Educational Kit,Books,224,116.69,32,3.8,2023-08-03 12:03:12.613996,Incheon,89.60000000000001,3734.08
208,Raspberry Pi 4,Educational Kits,482,281.85,33,4.7,2023-04-05 12:03:12.613996,Gyeonggi,192.8,9301.050000000001
209,Robotics Kit,Programming,117,77.35,10,3.7,2023-08-14 12:03:12.613996,Gangwon,46.800000000000004,773.5
210,IoT Kit,Electronics,260,196.11,47,3.9,2024-11-12 12:03:12.613996,Jeju,104.0,9217.17
211,Python Programming Book,Robotics,-1,116.0,20,4.9,2023-09-12 12:03:12.613996,Jeju,-0.4,2320.0
212,Robotics Kit,Programming,275,196.72,19,4.7,2024-08-19 12:03:12.613996,Gyeonggi,110.0,3737.68
213,3D Printer Kit,Books,468,383.82,39,3.7,2023-04-20 12:03:12.613996,Gwangju,187.20000000000002,14968.98
214,IoT Kit,Educational Kits,333,175.25,46,4.8,2023-12-14 12:03:12.613996,Busan,133.20000000000002,8061.5
215,Raspberry Pi 4,Books,189,136.13,33,3.7,2023-05-30 12:03:12.613996,Ulsan,75.60000000000001,4492.29
216,Scratch Coding Kit,Robotics,228,120.34,27,3.6,2024-03-14 12:03:12.613996,Gyeonggi,91.2,3249.1800000000003
217,Scratch Coding Kit,Robotics,91,68.25,2,4.0,2024-12-22 12:03:12.613996,Busan,36.4,136.5
218,Robotics Kit,Books,120,106.16,31,4.5,2025-02-17 12:03:12.613996,Incheon,48.0,3290.96
219,IoT Kit,Robotics,365,327.73,6,3.5,2023-07-29 12:03:12.613996,Daegu,146.0,1966.38
220,AI Learning Kit,Programming,320,233.82,50,3.9,2023-06-30 12:03:12.613996,Gwangju,128.0,11691.0
221,Arduino Starter Kit,Books,-1,,40,4.2,2024-07-21 12:03:12.613996,Busan,-0.4,
222,STEM Learning Pack,Programming,58,37.54,37,3.9,2023-12-21 12:03:12.613996,Incheon,23.200000000000003,1388.98
223,3D Printer Kit,Electronics,364,276.23,37,4.1,2024-08-15 12:03:12.613996,Busan,145.6,10220.51
224,Robotics Kit,Electronics,319,217.68,33,4.3,2024-06-21 12:03:12.613996,Ulsan,127.60000000000001,7183.4400000000005
225,Arduino Starter Kit,Robotics,241,192.45,2,4.0,2024-02-14 12:03:12.613996,Busan,96.4,384.9
226,Scratch Coding Kit,Electronics,445,296.92,49,4.0,2024-02-21 12:03:12.613996,Seoul,178.0,14549.08
227,AI Learning Kit,Educational Kits,466,299.58,50,4.5,2024-12-03 12:03:12.613996,Jeju,186.4,14979.0
228,Micro:bit Educational Kit,Books,82,50.31,30,3.6,2023-04-11 12:03:12.613996,Daegu,32.800000000000004,1509.3000000000002
229,Scratch Coding Kit,Electronics,211,111.12,33,4.1,2024-06-24 12:03:12.613996,Gyeonggi,84.4,3666.96
230,Python Programming Book,Electronics,435,278.94,19,4.0,2024-12-28 12:03:12.613996,Seoul,174.0,5299.86
231,Robotics Kit,Educational Kits,-1,65.57,28,4.8,2024-03-27 12:03:12.613996,Jeju,-0.4,1835.9599999999998
232,Robotics Kit,Books,304,189.44,24,4.9,2023-11-26 12:03:12.613996,Gyeonggi,121.60000000000001,4546.5599999999995
233,Raspberry Pi 4,Robotics,90,65.5,12,4.3,2023-06-11 12:03:12.613996,Daejeon,36.0,786.0
234,Raspberry Pi 4,Educational Kits,388,303.32,29,4.4,2023-08-15 12:03:12.613996,Ulsan,155.20000000000002,8796.28
235,IoT Kit,Educational Kits,278,245.49,23,4.4,2023-12-04 12:03:12.613996,Ulsan,111.2,5646.27
236,Arduino Starter Kit,Electronics,393,253.48,24,4.3,2023-03-29 12:03:12.613996,Incheon,157.20000000000002,6083.5199999999995
237,Micro:bit Educational Kit,Programming,397,233.23,3,3.7,2024-12-17 12:03:12.613996,Daegu,158.8,699.6899999999999
238,Robotics Kit,Educational Kits,246,127.97,3,4.4,2024-03-11 12:03:12.613996,Jeju,98.4,383.90999999999997
239,Robotics Kit,Robotics,440,382.47,9,4.3,2024-01-13 12:03:12.613996,Ulsan,176.0,3442.2300000000005
240,Python Programming Book,Books,108,96.08,12,4.2,2024-09-23 12:03:12.613996,Ulsan,43.2,1152.96
241,Raspberry Pi 4,Educational Kits,-1,,29,3.8,2023-12-15 12:03:12.613996,Gangwon,-0.4,
242,IoT Kit,Books,112,94.72,5,4.2,2023-05-26 12:03:12.613996,Jeju,44.800000000000004,473.6
243,Robotics Kit,Educational Kits,413,360.97,35,3.9,2023-08-06 12:03:12.613996,Gwangju,165.20000000000002,12633.95
244,Micro:bit Educational Kit,Educational Kits,310,251.19,13,4.7,2024-07-15 12:03:12.613996,Daegu,124.0,3265.47
245,Arduino Starter Kit,Educational Kits,333,223.47,30,4.7,2023-07-08 12:03:12.613996,Gyeonggi,133.20000000000002,6704.1
246,STEM Learning Pack,Electronics,83,64.43,46,4.6,2024-04-21 12:03:12.613996,Gyeonggi,33.2,2963.78
247,3D Printer Kit,Programming,87,73.94,21,4.5,2024-06-17 12:03:12.613996,Jeju,34.800000000000004,1552.74
248,AI Learning Kit,Educational Kits,115,63.11,50,4.3,2023-08-31 12:03:12.613996,Gangwon,46.0,3155.5
249,Micro:bit Educational Kit,Robotics,307,164.46,4,4.7,2023-08-01 12:03:12.613996,Gyeonggi,122.80000000000001,657.84
250,Python Programming Book,Books,132,101.76,46,3.8,2023-12-13 12:03:12.613996,Gyeonggi,52.800000000000004,4680.96
251,Raspberry Pi 4,Educational Kits,-1,96.9,36,3.9,2024-11-16 12:03:12.613996,Gwangju,-0.4,3488.4
252,AI Learning Kit,Electronics,307,197.59,38,4.9,2023-08-20 12:03:12.613996,Incheon,122.80000000000001,7508.42
253,STEM Learning Pack,Programming,222,124.98,37,3.6,2023-05-20 12:03:12.613996,Seoul,88.80000000000001,4624.26
254,Arduino Starter Kit,Programming,185,118.32,50,4.4,2024-12-11 12:03:12.613996,Gangwon,74.0,5916.0
255,Arduino Starter Kit,Robotics,371,252.94,42,4.9,2023-11-03 12:03:12.613996,Jeju,148.4,10623.48
256,3D Printer Kit,Educational Kits,282,245.57,4,3.7,2024-07-05 12:03:12.613996,Ulsan,112.80000000000001,982.28
257,IoT Kit,Books,224,147.24,21,4.8,2024-02-14 12:03:12.613996,Daejeon,89.60000000000001,3092.04
258,3D Printer Kit,Books,439,330.03,36,3.7,2024-06-17 12:03:12.613996,Daegu,175.60000000000002,11881.079999999998
259,Raspberry Pi 4,Educational Kits,280,224.23,7,3.6,2024-11-17 12:03:12.613996,Ulsan,112.0,1569.61
260,3D Printer Kit,Books,493,265.76,21,4.9,2023-09-08 12:03:12.613996,Daejeon,197.20000000000002,5580.96
261,Micro:bit Educational Kit,Robotics,-1,,20,4.2,2024-04-03 12:03:12.613996,Busan,-0.4,
262,AI Learning Kit,Robotics,173,140.81,23,3.6,2024-07-16 12:03:12.613996,Gwangju,69.2,3238.63
263,STEM Learning Pack,Robotics,196,134.32,7,4.1,2024-03-06 12:03:12.613996,Gwangju,78.4,940.24
264,3D Printer Kit,Educational Kits,73,54.0,37,4.3,2024-09-14 12:03:12.613996,Daejeon,29.200000000000003,1998.0
265,Python Programming Book,Electronics,247,172.48,49,4.3,2025-01-22 12:03:12.613996,Gangwon,98.80000000000001,8451.519999999999
266,STEM Learning Pack,Electronics,115,58.65,26,4.1,2024-09-19 12:03:12.613996,Daejeon,46.0,1524.8999999999999
267,Robotics Kit,Books,151,99.51,26,4.3,2023-04-06 12:03:12.613996,Seoul,60.400000000000006,2587.26
268,Micro:bit Educational Kit,Educational Kits,461,327.54,30,3.7,2023-07-19 12:03:12.613996,Gyeonggi,184.4,9826.2
269,Robotics Kit,Programming,213,177.85,40,4.6,2024-10-25 12:03:12.613996,Gwangju,85.2,7114.0
270,Robotics Kit,Programming,474,329.96,32,4.6,2024-06-26 12:03:12.613996,Gwangju,189.60000000000002,10558.72
271,Arduino Starter Kit,Educational Kits,-1,138.07,27,4.4,2024-10-29 12:03:12.613996,Seoul,-0.4,3727.89
272,IoT Kit,Educational Kits,385,225.93,50,4.4,2023-04-19 12:03:12.613996,Daegu,154.0,11296.5
273,STEM Learning Pack,Robotics,137,94.57,47,4.4,2023-07-27 12:03:12.613996,Ulsan,54.800000000000004,4444.79
274,Scratch Coding Kit,Electronics,343,178.61,8,3.8,2024-01-13 12:03:12.613996,Jeju,137.20000000000002,1428.88
275,3D Printer Kit,Books,261,162.81,27,4.3,2024-06-22 12:03:12.613996,Gangwon,104.4,4395.87
276,Arduino Starter Kit,Books,315,257.37,21,5.0,2024-08-17 12:03:12.613996,Jeju,126.0,5404.77
277,3D Printer Kit,Educational Kits,138,98.83,35,4.0,2025-01-18 12:03:12.613996,Daejeon,55.2,3459.0499999999997
278,Python Programming Book,Programming,297,244.46,16,3.9,2023-10-14 12:03:12.613996,Gwangju,118.80000000000001,3911.36
279,Python Programming Book,Educational Kits,410,335.01,46,4.2,2024-02-18 12:03:12.613996,Jeju,164.0,15410.46
280,AI Learning Kit,Educational Kits,197,167.7,44,4.3,2024-02-14 12:03:12.613996,Ulsan,78.80000000000001,7378.799999999999
281,Micro:bit Educational Kit,Educational Kits,-1,,46,3.6,2024-12-28 12:03:12.613996,Jeju,-0.4,
282,Python Programming Book,Robotics,159,130.25,35,3.9,2025-02-07 12:03:12.613996,Gyeonggi,63.6,4558.75
283,Python Programming Book,Books,105,68.64,38,3.9,2025-01-11 12:03:12.613996,Seoul,42.0,2608.32
284,AI Learning Kit,Books,376,303.38,7,4.1,2023-06-08 12:03:12.613996,Jeju,150.4,2123.66
285,Micro:bit Educational Kit,Electronics,331,168.42,11,4.1,2024-06-28 12:03:12.613996,Jeju,132.4,1852.62
286,Scratch Coding Kit,Educational Kits,214,168.17,4,4.9,2024-12-24 12:03:12.613996,Busan,85.60000000000001,672.68
287,STEM Learning Pack,Books,323,195.26,3,4.9,2024-04-28 12:03:12.613996,Incheon,129.20000000000002,585.78
288,Micro:bit Educational Kit,Electronics,478,354.29,32,3.8,2023-04-05 12:03:12.613996,Gwangju,191.20000000000002,11337.28
289,Arduino Starter Kit,Educational Kits,340,224.02,22,3.9,2024-08-15 12:03:12.613996,Gyeonggi,136.0,4928.4400000000005
290,IoT Kit,Books,485,338.68,18,3.8,2024-01-30 12:03:12.613996,Busan,194.0,6096.24
291,Micro:bit Educational Kit,Robotics,-1,303.69,12,3.5,2023-12-25 12:03:12.613996,Daejeon,-0.4,3644.2799999999997
292,STEM Learning Pack,Books,139,91.13,41,4.8,2024-08-06 12:03:12.613996,Ulsan,55.6,3736.33
293,Robotics Kit,Electronics,255,161.24,12,5.0,2024-01-23 12:03:12.613996,Jeju,102.0,1934.88
294,Scratch Coding Kit,Electronics,183,136.62,29,4.6,2024-01-01 12:03:12.613996,Daejeon,73.2,3961.98
295,STEM Learning Pack,Programming,55,43.75,24,4.5,2025-01-09 12:03:12.613996,Seoul,22.0,1050.0
296,Raspberry Pi 4,Robotics,207,173.08,44,4.3,2025-02-01 12:03:12.613996,Gwangju,82.80000000000001,7615.52
297,Raspberry Pi 4,Educational Kits,238,155.69,15,4.9,2023-08-01 12:03:12.613996,Jeju,95.2,2335.35
298,IoT Kit,Programming,241,176.81,36,4.9,2025-01-06 12:03:12.613996,Gyeonggi,96.4,6365.16
299,Scratch Coding Kit,Books,398,238.05,6,4.3,2025-02-15 12:03:12.613996,Gyeonggi,159.20000000000002,1428.3000000000002
300,Robotics Kit,Electronics,338,289.03,36,4.9,2024-10-04 12:03:12.613996,Daegu,135.20000000000002,10405.079999999998
301,AI Learning Kit,Books,-1,,34,4.2,2024-10-15 12:03:12.613996,Daegu,-0.4,
302,IoT Kit,Electronics,311,224.48,4,4.2,2024-04-26 12:03:12.613996,Gyeonggi,124.4,897.92
303,IoT Kit,Programming,79,53.44,44,4.7,2024-04-06 12:03:12.613996,Seoul,31.6,2351.3599999999997
304,Python Programming Book,Electronics,431,350.33,5,3.6,2025-02-12 12:03:12.613996,Daejeon,172.4,1751.6499999999999
305,Raspberry Pi 4,Programming,80,42.09,5,5.0,2023-03-30 12:03:12.613996,Jeju,32.0,210.45000000000002
306,Python Programming Book,Robotics,142,84.12,50,4.5,2024-03-15 12:03:12.613996,Ulsan,56.800000000000004,4206.0
307,3D Printer Kit,Robotics,495,263.91,25,4.1,2023-07-12 12:03:12.613996,Gyeonggi,198.0,6597.750000000001
308,Robotics Kit,Electronics,141,70.9,26,4.3,2023-03-01 12:03:12.613996,Daegu,56.400000000000006,1843.4
309,Arduino Starter Kit,Educational Kits,287,180.98,35,4.1,2023-10-19 12:03:12.613996,Ulsan,114.80000000000001,6334.299999999999
310,Scratch Coding Kit,Robotics,227,190.21,13,4.9,2023-03-30 12:03:12.613996,Busan,90.80000000000001,2472.73
311,3D Printer Kit,Programming,-1,232.27,2,3.9,2023-06-09 12:03:12.613996,Busan,-0.4,464.54
312,STEM Learning Pack,Electronics,278,183.73,46,4.8,2023-04-12 12:03:12.613996,Daegu,111.2,8451.58
313,3D Printer Kit,Robotics,169,115.61,49,4.8,2023-07-19 12:03:12.613996,Seoul,67.60000000000001,5664.89
314,AI Learning Kit,Educational Kits,169,96.95,47,4.4,2024-10-30 12:03:12.613996,Gangwon,67.60000000000001,4556.650000000001
315,Robotics Kit,Books,204,112.1,43,4.3,2023-12-30 12:03:12.613996,Ulsan,81.60000000000001,4820.3
316,Python Programming Book,Electronics,335,174.4,48,4.9,2024-09-17 12:03:12.613996,Ulsan,134.0,8371.2
317,IoT Kit,Electronics,226,118.28,43,4.1,2024-01-18 12:03:12.613996,Gyeonggi,90.4,5086.04
318,3D Printer Kit,Robotics,126,98.29,12,4.6,2023-10-30 12:03:12.613996,Jeju,50.400000000000006,1179.48
319,Scratch Coding Kit,Educational Kits,489,301.7,30,4.9,2024-04-23 12:03:12.613996,Gyeonggi,195.60000000000002,9051.0
320,3D Printer Kit,Programming,321,271.68,16,3.9,2024-12-19 12:03:12.613996,Daejeon,128.4,4346.88
321,Raspberry Pi 4,Robotics,-1,,35,4.6,2023-04-19 12:03:12.613996,Daegu,-0.4,
322,Python Programming Book,Robotics,394,259.26,3,4.8,2024-10-19 12:03:12.613996,Daegu,157.60000000000002,777.78
323,AI Learning Kit,Books,295,240.85,22,4.0,2023-09-30 12:03:12.613996,Seoul,118.0,5298.7
324,Scratch Coding Kit,Electronics,432,216.07,31,4.9,2025-02-15 12:03:12.613996,Gangwon,172.8,6698.17
325,Scratch Coding Kit,Robotics,172,116.82,50,3.9,2024-08-25 12:03:12.613996,Jeju,68.8,5841.0
326,Robotics Kit,Educational Kits,183,138.37,32,4.2,2024-01-19 12:03:12.613996,Jeju,73.2,4427.84
327,Scratch Coding Kit,Educational Kits,210,154.23,37,4.8,2023-03-14 12:03:12.613996,Incheon,84.0,5706.509999999999
328,Python Programming Book,Programming,349,233.25,27,3.9,2024-01-29 12:03:12.613996,Daegu,139.6,6297.75
329,Scratch Coding Kit,Robotics,341,193.23,32,4.3,2023-11-16 12:03:12.613996,Daejeon,136.4,6183.36
330,IoT Kit,Robotics,285,237.32,23,3.8,2024-07-10 12:03:12.613996,Gyeonggi,114.0,5458.36
331,Micro:bit Educational Kit,Programming,-1,195.47,34,3.6,2025-01-10 12:03:12.613996,Busan,-0.4,6645.98
332,Arduino Starter Kit,Electronics,261,220.55,41,3.8,2023-03-07 12:03:12.613996,Incheon,104.4,9042.550000000001
333,Scratch Coding Kit,Programming,283,212.45,40,4.5,2024-07-04 12:03:12.613996,Gangwon,113.2,8498.0
334,IoT Kit,Electronics,53,36.42,27,3.5,2023-12-04 12:03:12.613996,Gyeonggi,21.200000000000003,983.34
335,AI Learning Kit,Educational Kits,58,40.55,45,4.5,2023-06-15 12:03:12.613996,Incheon,23.200000000000003,1824.7499999999998
336,Raspberry Pi 4,Programming,126,101.26,40,4.3,2023-11-26 12:03:12.613996,Daejeon,50.400000000000006,4050.4
337,3D Printer Kit,Electronics,241,124.42,30,4.3,2023-12-30 12:03:12.613996,Daegu,96.4,3732.6
338,Raspberry Pi 4,Electronics,97,71.58,25,4.3,2024-12-09 12:03:12.613996,Seoul,38.800000000000004,1789.5
339,Arduino Starter Kit,Books,92,64.41,28,4.5,2024-09-27 12:03:12.613996,Daejeon,36.800000000000004,1803.48
340,Raspberry Pi 4,Programming,71,57.37,45,4.8,2023-11-30 12:03:12.613996,Jeju,28.400000000000002,2581.65
341,Arduino Starter Kit,Electronics,-1,,35,4.3,2023-08-28 12:03:12.613996,Seoul,-0.4,
342,Robotics Kit,Electronics,156,103.77,49,4.7,2023-05-15 12:03:12.613996,Ulsan,62.400000000000006,5084.73
343,Python Programming Book,Books,338,271.69,25,4.5,2024-01-31 12:03:12.613996,Gyeonggi,135.20000000000002,6792.25
344,3D Printer Kit,Books,454,229.09,47,3.6,2023-04-21 12:03:12.613996,Daejeon,181.60000000000002,10767.23
345,Raspberry Pi 4,Robotics,168,94.84,22,4.4,2024-10-27 12:03:12.613996,Gangwon,67.2,2086.48
346,3D Printer Kit,Educational Kits,65,42.01,29,4.2,2024-09-14 12:03:12.613996,Daejeon,26.0,1218.29
347,3D Printer Kit,Robotics,145,91.08,43,4.1,2023-12-25 12:03:12.613996,Gangwon,58.0,3916.44
348,Scratch Coding Kit,Electronics,92,72.94,25,4.6,2024-03-30 12:03:12.613996,Incheon,36.800000000000004,1823.5
349,Robotics Kit,Educational Kits,104,89.79,20,4.2,2023-06-10 12:03:12.613996,Gwangju,41.6,1795.8000000000002
350,Micro:bit Educational Kit,Electronics,145,105.5,36,4.3,2023-06-11 12:03:12.613996,Ulsan,58.0,3798.0
351,Arduino Starter Kit,Electronics,-1,156.69,39,4.4,2024-03-26 12:03:12.613996,Daejeon,-0.4,6110.91
352,Arduino Starter Kit,Educational Kits,261,194.41,6,4.6,2023-11-01 12:03:12.613996,Gyeonggi,104.4,1166.46
353,STEM Learning Pack,Programming,136,85.12,11,3.7,2023-11-27 12:03:12.613996,Gwangju,54.400000000000006,936.32
354,IoT Kit,Books,82,68.32,18,4.1,2023-05-15 12:03:12.613996,Jeju,32.800000000000004,1229.7599999999998
355,Robotics Kit,Educational Kits,176,107.65,32,4.4,2024-06-08 12:03:12.613996,Daegu,70.4,3444.8
356,Raspberry Pi 4,Books,205,183.95,26,4.0,2024-03-21 12:03:12.613996,Gangwon,82.0,4782.7
357,Robotics Kit,Robotics,221,160.83,42,5.0,2023-12-30 12:03:12.613996,Incheon,88.4,6754.860000000001
358,Robotics Kit,Programming,405,331.96,21,3.8,2024-01-18 12:03:12.613996,Ulsan,162.0,6971.16
359,Python Programming Book,Robotics,344,202.0,21,4.1,2024-03-05 12:03:12.613996,Ulsan,137.6,4242.0
360,Raspberry Pi 4,Programming,152,100.79,35,3.8,2023-03-25 12:03:12.613996,Gyeonggi,60.800000000000004,3527.65
361,IoT Kit,Books,-1,,45,3.6,2025-01-15 12:03:12.613996,Ulsan,-0.4,
362,IoT Kit,Books,374,291.3,17,4.5,2024-03-18 12:03:12.613996,Ulsan,149.6,4952.1
363,Raspberry Pi 4,Robotics,356,252.16,26,4.3,2024-09-04 12:03:12.613996,Ulsan,142.4,6556.16
364,Arduino Starter Kit,Educational Kits,409,221.6,35,4.4,2023-06-17 12:03:12.613996,Busan,163.60000000000002,7756.0
365,Scratch Coding Kit,Educational Kits,135,86.56,3,4.3,2024-01-31 12:03:12.613996,Ulsan,54.0,259.68
366,3D Printer Kit,Electronics,55,47.33,15,4.3,2024-09-19 12:03:12.613996,Gyeonggi,22.0,709.9499999999999
367,STEM Learning Pack,Programming,163,117.64,26,4.2,2025-02-02 12:03:12.613996,Gangwon,65.2,3058.64
368,AI Learning Kit,Books,226,113.21,31,3.7,2023-05-24 12:03:12.613996,Ulsan,90.4,3509.5099999999998
369,Raspberry Pi 4,Books,228,176.76,30,4.7,2024-07-04 12:03:12.613996,Gyeonggi,91.2,5302.799999999999
370,Robotics Kit,Robotics,99,71.75,45,4.2,2023-12-30 12:03:12.613996,Busan,39.6,3228.75
371,Arduino Starter Kit,Electronics,-1,34.18,42,3.7,2023-11-02 12:03:12.613996,Incheon,-0.4,1435.56
372,AI Learning Kit,Books,332,277.53,36,4.1,2023-10-21 12:03:12.613996,Jeju,132.8,9991.079999999998
373,3D Printer Kit,Books,145,93.35,28,4.1,2023-09-16 12:03:12.613996,Gangwon,58.0,2613.7999999999997
374,IoT Kit,Programming,269,200.26,46,3.8,2025-02-15 12:03:12.613996,Gwangju,107.60000000000001,9211.96
375,Raspberry Pi 4,Programming,102,59.18,35,3.8,2023-09-15 12:03:12.613996,Daejeon,40.800000000000004,2071.3
376,IoT Kit,Electronics,184,116.24,32,4.3,2024-10-29 12:03:12.613996,Daejeon,73.60000000000001,3719.68
377,3D Printer Kit,Programming,250,166.3,23,4.0,2024-11-19 12:03:12.613996,Jeju,100.0,3824.9
378,Micro:bit Educational Kit,Educational Kits,364,241.67,44,3.7,2023-10-28 12:03:12.613996,Busan,145.6,10633.48
379,Python Programming Book,Electronics,143,107.35,10,4.3,2024-10-28 12:03:12.613996,Ulsan,57.2,1073.5
380,Micro:bit Educational Kit,Programming,246,179.77,32,4.5,2024-09-16 12:03:12.613996,Incheon,98.4,5752.64
381,Micro:bit Educational Kit,Robotics,-1,,21,4.8,2023-04-21 12:03:12.613996,Gangwon,-0.4,
382,Robotics Kit,Electronics,298,251.93,25,4.9,2024-12-25 12:03:12.613996,Gyeonggi,119.2,6298.25
383,IoT Kit,Robotics,400,281.32,46,4.8,2023-08-16 12:03:12.613996,Jeju,160.0,12940.72
384,Raspberry Pi 4,Programming,65,37.81,15,3.9,2023-10-14 12:03:12.613996,Gwangju,26.0,567.1500000000001
385,AI Learning Kit,Educational Kits,136,79.93,37,4.6,2024-09-10 12:03:12.613996,Jeju,54.400000000000006,2957.4100000000003
386,AI Learning Kit,Electronics,343,293.03,50,4.3,2024-09-03 12:03:12.613996,Daejeon,137.20000000000002,14651.499999999998
387,Arduino Starter Kit,Robotics,329,267.34,28,3.7,2023-12-27 12:03:12.613996,Daegu,131.6,7485.5199999999995
388,Arduino Starter Kit,Robotics,184,139.94,6,4.2,2023-10-26 12:03:12.613996,Busan,73.60000000000001,839.64
389,Scratch Coding Kit,Programming,402,305.42,46,4.4,2023-08-14 12:03:12.613996,Ulsan,160.8,14049.320000000002
390,STEM Learning Pack,Books,451,368.63,14,4.7,2024-02-20 12:03:12.613996,Gangwon,180.4,5160.82
391,AI Learning Kit,Educational Kits,-1,242.99,21,5.0,2023-12-19 12:03:12.613996,Gwangju,-0.4,5102.79
392,STEM Learning Pack,Educational Kits,489,339.48,44,4.7,2024-04-22 12:03:12.613996,Incheon,195.60000000000002,14937.12
393,Arduino Starter Kit,Educational Kits,493,314.36,45,4.8,2023-07-25 12:03:12.613996,Daegu,197.20000000000002,14146.2
394,Robotics Kit,Books,439,246.97,26,4.2,2024-12-04 12:03:12.613996,Gangwon,175.60000000000002,6421.22
395,Python Programming Book,Robotics,242,174.05,41,4.7,2024-04-13 12:03:12.613996,Busan,96.80000000000001,7136.05
396,AI Learning Kit,Educational Kits,405,212.81,24,4.2,2024-01-27 12:03:12.613996,Jeju,162.0,5107.4400000000005
397,STEM Learning Pack,Electronics,494,291.63,47,3.6,2024-12-07 12:03:12.613996,Jeju,197.60000000000002,13706.61
398,Robotics Kit,Electronics,457,313.61,14,5.0,2024-07-16 12:03:12.613996,Daegu,182.8,4390.54
399,Python Programming Book,Educational Kits,474,372.83,36,4.4,2024-07-06 12:03:12.613996,Gangwon,189.60000000000002,13421.88
400,Robotics Kit,Electronics,73,62.79,30,3.5,2024-05-22 12:03:12.613996,Incheon,29.200000000000003,1883.7
401,IoT Kit,Electronics,-1,,45,4.9,2023-08-07 12:03:12.613996,Gwangju,-0.4,
402,Python Programming Book,Electronics,385,290.99,6,4.1,2023-04-20 12:03:12.613996,Incheon,154.0,1745.94
403,3D Printer Kit,Educational Kits,421,261.11,15,4.1,2025-02-15 12:03:12.613996,Busan,168.4,3916.65
404,Raspberry Pi 4,Electronics,159,112.78,9,4.4,2025-01-22 12:03:12.613996,Gyeonggi,63.6,1015.02
405,IoT Kit,Electronics,54,33.58,8,5.0,2025-02-05 12:03:12.613996,Ulsan,21.6,268.64
406,Micro:bit Educational Kit,Robotics,86,69.52,6,4.6,2023-06-11 12:03:12.613996,Busan,34.4,417.12
407,Robotics Kit,Educational Kits,203,171.57,50,4.7,2024-12-13 12:03:12.613996,Incheon,81.2,8578.5
408,Micro:bit Educational Kit,Electronics,321,216.57,40,4.5,2024-02-20 12:03:12.613996,Jeju,128.4,8662.8
409,Scratch Coding Kit,Books,260,169.93,29,4.8,2023-06-08 12:03:12.613996,Busan,104.0,4927.97
410,Micro:bit Educational Kit,Electronics,351,213.41,23,4.9,2023-07-19 12:03:12.613996,Daejeon,140.4,4908.43
411,Scratch Coding Kit,Educational Kits,-1,329.19,36,4.4,2023-12-14 12:03:12.613996,Gangwon,-0.4,11850.84
412,Arduino Starter Kit,Educational Kits,155,107.4,33,3.8,2023-12-25 12:03:12.613996,Ulsan,62.0,3544.2000000000003
413,Arduino Starter Kit,Books,303,225.93,16,4.2,2023-05-09 12:03:12.613996,Gangwon,121.2,3614.88
414,AI Learning Kit,Electronics,234,123.18,9,4.1,2024-05-01 12:03:12.613996,Gangwon,93.60000000000001,1108.6200000000001
415,Robotics Kit,Programming,399,331.53,31,4.9,2023-03-15 12:03:12.613996,Busan,159.60000000000002,10277.429999999998
416,STEM Learning Pack,Electronics,57,45.32,3,4.9,2024-07-28 12:03:12.613996,Ulsan,22.8,135.96
417,Python Programming Book,Programming,442,324.35,45,4.1,2024-08-29 12:03:12.613996,Gyeonggi,176.8,14595.750000000002
418,STEM Learning Pack,Books,192,166.38,6,4.3,2023-08-04 12:03:12.613996,Daegu,76.80000000000001,998.28
419,AI Learning Kit,Educational Kits,250,166.36,49,4.8,2024-01-09 12:03:12.613996,Busan,100.0,8151.64
420,3D Printer Kit,Books,79,63.37,28,3.7,2024-11-10 12:03:12.613996,Gangwon,31.6,1774.36
421,Arduino Starter Kit,Educational Kits,-1,,48,3.8,2025-02-19 12:03:12.613996,Seoul,-0.4,
422,Micro:bit Educational Kit,Electronics,133,93.29,23,4.3,2023-08-15 12:03:12.613996,Gwangju,53.2,2145.67
423,Robotics Kit,Books,433,254.41,18,4.6,2023-03-28 12:03:12.613996,Busan,173.20000000000002,4579.38
424,Robotics Kit,Robotics,189,130.5,17,4.6,2024-11-29 12:03:12.613996,Gangwon,75.60000000000001,2218.5
425,Raspberry Pi 4,Robotics,283,196.88,4,4.2,2023-08-15 12:03:12.613996,Gangwon,113.2,787.52
426,Robotics Kit,Books,180,106.32,37,4.5,2023-10-17 12:03:12.613996,Busan,72.0,3933.8399999999997
427,AI Learning Kit,Electronics,72,40.07,1,3.9,2024-03-04 12:03:12.613996,Jeju,28.8,40.07
428,3D Printer Kit,Books,141,74.38,3,4.3,2023-10-13 12:03:12.613996,Ulsan,56.400000000000006,223.14
429,Robotics Kit,Books,263,140.35,21,3.9,2024-10-03 12:03:12.613996,Busan,105.2,2947.35
430,Robotics Kit,Electronics,307,193.62,4,3.8,2023-04-14 12:03:12.613996,Gyeonggi,122.80000000000001,774.48
431,3D Printer Kit,Electronics,-1,356.27,19,4.7,2024-01-27 12:03:12.613996,Gwangju,-0.4,6769.129999999999
432,Raspberry Pi 4,Programming,283,253.8,13,3.9,2024-11-24 12:03:12.613996,Gwangju,113.2,3299.4
433,Scratch Coding Kit,Robotics,238,157.87,32,5.0,2024-09-07 12:03:12.613996,Daegu,95.2,5051.84
434,Scratch Coding Kit,Books,53,27.93,2,3.8,2024-12-08 12:03:12.613996,Daejeon,21.200000000000003,55.86
435,Arduino Starter Kit,Educational Kits,50,29.82,25,4.8,2023-06-12 12:03:12.613996,Gwangju,20.0,745.5
436,Scratch Coding Kit,Programming,171,125.18,4,5.0,2025-02-23 12:03:12.613996,Incheon,68.4,500.72
437,Python Programming Book,Electronics,72,38.27,34,4.1,2024-06-09 12:03:12.613996,Daejeon,28.8,1301.18
438,Raspberry Pi 4,Programming,98,68.39,41,4.7,2024-10-24 12:03:12.613996,Busan,39.2,2803.9900000000002
439,STEM Learning Pack,Electronics,272,172.73,9,3.9,2024-01-14 12:03:12.613996,Gwangju,108.80000000000001,1554.57
440,3D Printer Kit,Educational Kits,212,152.41,15,3.6,2023-07-15 12:03:12.613996,Daegu,84.80000000000001,2286.15
441,STEM Learning Pack,Electronics,-1,,29,4.2,2023-06-29 12:03:12.613996,Ulsan,-0.4,
442,AI Learning Kit,Educational Kits,444,362.72,20,4.2,2023-05-29 12:03:12.613996,Busan,177.60000000000002,7254.400000000001
443,Micro:bit Educational Kit,Educational Kits,473,292.37,39,3.6,2023-07-27 12:03:12.613996,Daejeon,189.20000000000002,11402.43
444,Raspberry Pi 4,Books,232,172.03,4,4.5,2023-08-23 12:03:12.613996,Gwangju,92.80000000000001,688.12
445,Arduino Starter Kit,Robotics,487,350.21,48,4.3,2024-06-13 12:03:12.613996,Busan,194.8,16810.079999999998
446,Raspberry Pi 4,Books,112,100.26,50,5.0,2023-09-16 12:03:12.613996,Incheon,44.800000000000004,5013.0
447,3D Printer Kit,Educational Kits,401,259.8,42,3.6,2023-11-18 12:03:12.613996,Gangwon,160.4,10911.6
448,Raspberry Pi 4,Electronics,83,68.13,42,4.2,2023-05-31 12:03:12.613996,Incheon,33.2,2861.46
449,Robotics Kit,Electronics,71,37.14,4,3.8,2024-05-14 12:03:12.613996,Gangwon,28.400000000000002,148.56
450,3D Printer Kit,Robotics,65,48.55,28,3.8,2023-09-05 12:03:12.613996,Daegu,26.0,1359.3999999999999
451,Python Programming Book,Educational Kits,-1,151.96,3,4.4,2023-11-04 12:03:12.613996,Gangwon,-0.4,455.88
452,Python Programming Book,Robotics,260,142.19,31,3.6,2024-03-24 12:03:12.613996,Gwangju,104.0,4407.89
453,Micro:bit Educational Kit,Robotics,152,97.73,34,3.9,2023-03-17 12:03:12.613996,Gyeonggi,60.800000000000004,3322.82
454,3D Printer Kit,Educational Kits,295,201.25,32,4.0,2024-07-24 12:03:12.613996,Gangwon,118.0,6440.0
455,Robotics Kit,Robotics,188,155.68,21,4.4,2023-12-10 12:03:12.613996,Seoul,75.2,3269.28
456,Arduino Starter Kit,Robotics,321,243.01,38,5.0,2023-06-08 12:03:12.613996,Incheon,128.4,9234.38
457,Scratch Coding Kit,Books,186,127.69,48,3.6,2024-10-07 12:03:12.613996,Daegu,74.4,6129.12
458,3D Printer Kit,Educational Kits,479,241.12,12,3.8,2024-01-17 12:03:12.613996,Gangwon,191.60000000000002,2893.44
459,Robotics Kit,Programming,64,39.59,23,4.9,2023-07-21 12:03:12.613996,Gangwon,25.6,910.57
460,STEM Learning Pack,Books,478,241.29,32,4.3,2024-07-12 12:03:12.613996,Incheon,191.20000000000002,7721.28
461,Arduino Starter Kit,Electronics,-1,,15,3.5,2023-02-26 12:03:12.613996,Jeju,-0.4,
462,Robotics Kit,Programming,153,88.35,22,4.6,2023-04-27 12:03:12.613996,Daejeon,61.2,1943.6999999999998
463,Arduino Starter Kit,Books,350,216.34,10,4.7,2024-03-05 12:03:12.613996,Gyeonggi,140.0,2163.4
464,Raspberry Pi 4,Educational Kits,410,214.52,26,4.4,2024-01-01 12:03:12.613996,Daejeon,164.0,5577.52
465,Robotics Kit,Books,130,78.92,28,4.7,2024-12-21 12:03:12.613996,Jeju,52.0,2209.76
466,Robotics Kit,Books,412,211.15,45,4.8,2024-02-26 12:03:12.613996,Gangwon,164.8,9501.75
467,Scratch Coding Kit,Programming,467,387.54,20,4.6,2023-07-06 12:03:12.613996,Gwangju,186.8,7750.8
468,Micro:bit Educational Kit,Electronics,409,212.89,26,4.8,2023-03-31 12:03:12.613996,Gangwon,163.60000000000002,5535.139999999999
469,Micro:bit Educational Kit,Programming,212,112.7,40,3.8,2023-06-12 12:03:12.613996,Gangwon,84.80000000000001,4508.0
470,IoT Kit,Books,219,131.81,16,4.0,2023-08-16 12:03:12.613996,Daejeon,87.60000000000001,2108.96
471,Raspberry Pi 4,Educational Kits,-1,248.93,14,3.9,2024-02-19 12:03:12.613996,Busan,-0.4,3485.02
472,Python Programming Book,Electronics,418,375.99,25,4.2,2023-08-15 12:03:12.613996,Ulsan,167.20000000000002,9399.75
473,3D Printer Kit,Robotics,243,184.56,25,3.7,2024-10-09 12:03:12.613996,Jeju,97.2,4614.0
474,Scratch Coding Kit,Books,281,244.62,3,3.9,2023-11-20 12:03:12.613996,Daejeon,112.4,733.86
475,Raspberry Pi 4,Electronics,225,187.19,25,3.7,2024-09-08 12:03:12.613996,Busan,90.0,4679.75
476,Raspberry Pi 4,Educational Kits,354,179.08,31,4.6,2024-12-26 12:03:12.613996,Ulsan,141.6,5551.4800000000005
477,Micro:bit Educational Kit,Programming,272,227.71,7,4.0,2024-04-20 12:03:12.613996,Daegu,108.80000000000001,1593.97
478,AI Learning Kit,Programming,185,117.62,20,3.9,2024-04-03 12:03:12.613996,Seoul,74.0,2352.4
479,STEM Learning Pack,Programming,480,337.74,4,4.0,2023-05-26 12:03:12.613996,Ulsan,192.0,1350.96
480,Python Programming Book,Programming,295,241.94,2,3.8,2023-05-20 12:03:12.613996,Gwangju,118.0,483.88
481,IoT Kit,Electronics,-1,,31,4.2,2023-05-30 12:03:12.613996,Gwangju,-0.4,
482,AI Learning Kit,Robotics,144,108.23,25,4.1,2023-04-12 12:03:12.613996,Jeju,57.6,2705.75
483,Python Programming Book,Robotics,288,228.86,18,4.3,2025-02-08 12:03:12.613996,Incheon,115.2,4119.4800000000005
484,Raspberry Pi 4,Electronics,392,298.89,35,4.1,2023-10-16 12:03:12.613996,Gangwon,156.8,10461.15
485,AI Learning Kit,Electronics,480,357.68,34,4.1,2025-01-29 12:03:12.613996,Gyeonggi,192.0,12161.12
486,IoT Kit,Programming,170,120.61,6,4.1,2024-07-24 12:03:12.613996,Seoul,68.0,723.66
487,STEM Learning Pack,Programming,459,308.18,40,3.7,2023-08-22 12:03:12.613996,Jeju,183.60000000000002,12327.2
488,Micro:bit Educational Kit,Books,463,381.01,3,4.1,2023-09-20 12:03:12.613996,Ulsan,185.20000000000002,1143.03
489,Micro:bit Educational Kit,Programming,182,140.52,47,4.9,2023-05-26 12:03:12.613996,Busan,72.8,6604.4400000000005
490,3D Printer Kit,Programming,253,171.83,18,4.3,2025-02-12 12:03:12.613996,Seoul,101.2,3092.94
491,STEM Learning Pack,Programming,-1,186.18,8,4.1,2024-09-28 12:03:12.613996,Incheon,-0.4,1489.44
492,STEM Learning Pack,Programming,438,225.16,7,4.9,2023-06-09 12:03:12.613996,Gangwon,175.20000000000002,1576.12
493,Python Programming Book,Programming,500,381.23,27,3.9,2024-10-03 12:03:12.613996,Jeju,200.0,10293.210000000001
494,STEM Learning Pack,Robotics,69,57.35,26,3.7,2025-01-23 12:03:12.613996,Gangwon,27.6,1491.1000000000001
495,3D Printer Kit,Electronics,252,137.13,22,4.5,2024-06-26 12:03:12.613996,Seoul,100.80000000000001,3016.8599999999997
496,Python Programming Book,Educational Kits,60,45.89,20,4.0,2025-02-07 12:03:12.613996,Jeju,24.0,917.8
497,Raspberry Pi 4,Books,118,92.02,48,4.2,2023-11-28 12:03:12.613996,Daejeon,47.2,4416.96
498,3D Printer Kit,Programming,380,328.43,29,3.8,2024-07-06 12:03:12.613996,Ulsan,152.0,9524.47
499,AI Learning Kit,Educational Kits,470,412.43,11,3.6,2024-04-14 12:03:12.613996,Gyeonggi,188.0,4536.7300000000005
500,Micro:bit Educational Kit,Programming,500,336.27,12,3.8,2023-04-26 12:03:12.613996,Daegu,200.0,4035.24
